Date,pH,EC,Turbidity,WQI,Class,WQI_new,Class_new,Qi_pH,Qi_EC,Qi_Turbidity,W_pH,W_EC,W_Turbidity
2025-02-01,7.462,741,10.3481,100.9,Poor,141.5245,Unsuitable,30.8024,49.4,206.9623,0.3696,0.0021,0.6283
2025-02-02,6.163,750,0.5,40.9,Safe,27.0112,Good,55.8,50.0,10.0,0.3696,0.0021,0.6283
2025-02-03,7.8926,842,61.2757,519.0,Hazardous,792.1151,Unsuitable,59.5088,56.1333,1225.5132,0.3696,0.0021,0.6283
2025-02-04,8.0763,710,41.3156,383.2,Hazardous,545.7992,Unsuitable,71.7527,47.3333,826.3116,0.3696,0.0021,0.6283
2025-02-05,5.5,684,2.9029,102.7,Poor,73.5332,Poor,100.0,45.6,58.0576,0.3696,0.0021,0.6283
2025-02-06,5.9097,739,0.5,42.6,Safe,33.2507,Good,72.6861,49.2667,10.0,0.3696,0.0021,0.6283
2025-02-07,7.2912,740,63.2606,532.6,Hazardous,802.2244,Unsuitable,19.411,49.3333,1265.2125,0.3696,0.0021,0.6283
2025-02-08,6.8622,696,44.3139,389.3,Hazardous,560.3512,Unsuitable,9.1891,46.4,886.2773,0.3696,0.0021,0.6283
2025-02-09,7.1514,674,120.0,951.9,Hazardous,1511.7717,Unsuitable,10.0957,44.9333,2400.0,0.3696,0.0021,0.6283
2025-02-10,6.3436,824,47.0729,449.6,Hazardous,607.817,Unsuitable,43.7605,54.9333,941.4579,0.3696,0.0021,0.6283
2025-02-11,8.0172,735,45.8076,412.5,Hazardous,600.7949,Unsuitable,67.8134,49.0,916.1528,0.3696,0.0021,0.6283
2025-02-12,7.919,687,24.2056,172.4,Poor,326.9139,Unsuitable,61.2697,45.8,484.1123,0.3696,0.0021,0.6283
2025-02-13,7.2315,761,62.5194,490.5,Hazardous,791.4412,Unsuitable,15.4303,50.7333,1250.3872,0.3696,0.0021,0.6283
2025-02-14,8.2566,715,55.0533,466.0,Hazardous,722.8745,Unsuitable,83.7751,47.6667,1101.0661,0.3696,0.0021,0.6283
2025-02-15,7.6193,709,79.46,651.2,Hazardous,1013.8695,Unsuitable,41.2866,47.2667,1589.1991,0.3696,0.0021,0.6283
2025-02-16,6.3376,745,10.4025,126.2,Poor,147.1462,Unsuitable,44.163,49.6667,208.0496,0.3696,0.0021,0.6283
2025-02-17,7.5239,662,13.7488,135.3,Poor,185.7708,Unsuitable,34.9263,44.1333,274.975,0.3696,0.0021,0.6283
2025-02-18,6.2413,736,12.0469,156.0,Poor,170.1793,Unsuitable,50.5768,49.0667,240.9374,0.3696,0.0021,0.6283
2025-02-19,8.0163,806,61.5077,532.9,Hazardous,798.0727,Unsuitable,67.7523,53.7333,1230.1541,0.3696,0.0021,0.6283
2025-02-20,7.1194,741,89.0666,751.4,Hazardous,1122.2763,Unsuitable,7.9624,49.4,1781.3314,0.3696,0.0021,0.6283
2025-02-21,6.9891,703,12.8361,144.8,Poor,161.6681,Unsuitable,0.7279,46.8667,256.7214,0.3696,0.0021,0.6283
2025-02-22,6.5099,697,14.1629,160.2,Poor,190.1485,Unsuitable,32.6759,46.4667,283.2584,0.3696,0.0021,0.6283
2025-02-23,8.3487,702,42.94,339.5,Hazardous,572.923,Unsuitable,89.9127,46.8,858.8005,0.3696,0.0021,0.6283
2025-02-24,7.0184,709,21.1352,182.4,Poor,266.1412,Unsuitable,1.2257,47.2667,422.7034,0.3696,0.0021,0.6283
2025-02-25,6.7539,703,67.7882,501.3,Hazardous,858.004,Unsuitable,16.4077,46.8667,1355.7644,0.3696,0.0021,0.6283
2025-02-26,6.8275,761,0.5,25.5,Safe,10.6399,Excellent,11.5006,50.7333,10.0,0.3696,0.0021,0.6283
2025-02-27,7.6819,642,0.5,34.6,Safe,23.1745,Excellent,45.4599,42.8,10.0,0.3696,0.0021,0.6283
2025-02-28,7.5207,759,0.5,64.0,Moderate,19.219,Excellent,34.7134,50.6,10.0,0.3696,0.0021,0.6283
2025-03-01,7.5664,803,0.5,80.7,Moderate,20.3507,Excellent,37.7589,53.5333,10.0,0.3696,0.0021,0.6283
2025-03-02,7.5839,837,0.5,27.9,Safe,20.786,Excellent,38.9238,55.8,10.0,0.3696,0.0021,0.6283
2025-03-03,8.8,769,0.5,47.6,Safe,50.7418,Poor,120.0,51.2667,10.0,0.3696,0.0021,0.6283
2025-03-04,6.7751,880,26.6869,272.5,Hazardous,341.0189,Unsuitable,14.9964,58.6667,533.738,0.3696,0.0021,0.6283
2025-03-05,6.6728,876,86.3981,696.1,Hazardous,1093.8812,Unsuitable,21.812,58.4,1727.9617,0.3696,0.0021,0.6283
2025-03-06,6.3815,863,24.6895,220.3,Hazardous,325.6136,Unsuitable,41.2314,57.5333,493.7909,0.3696,0.0021,0.6283
2025-03-07,7.7627,752,0.5,68.6,Moderate,25.1814,Good,50.8485,50.1333,10.0,0.3696,0.0021,0.6283
2025-03-08,8.2583,857,33.2371,310.7,Hazardous,448.7879,Unsuitable,83.8866,57.1333,664.7412,0.3696,0.0021,0.6283
2025-03-09,7.0576,838,83.4994,711.3,Hazardous,1050.8074,Unsuitable,3.8393,55.8667,1669.9875,0.3696,0.0021,0.6283
2025-03-10,6.356,748,0.5,74.1,Moderate,22.2545,Excellent,42.9306,49.8667,10.0,0.3696,0.0021,0.6283
2025-03-11,6.3712,819,0.5,26.4,Safe,21.8913,Excellent,41.921,54.6,10.0,0.3696,0.0021,0.6283
2025-03-12,7.7962,836,61.2055,563.4,Hazardous,788.8551,Unsuitable,53.0777,55.7333,1224.1091,0.3696,0.0021,0.6283
2025-03-13,7.8857,845,25.7585,270.8,Hazardous,345.6277,Unsuitable,59.0453,56.3333,515.1699,0.3696,0.0021,0.6283
2025-03-14,7.6924,828,65.2467,592.5,Hazardous,837.0796,Unsuitable,46.1584,55.2,1304.9337,0.3696,0.0021,0.6283
2025-03-15,6.5248,833,35.205,291.1,Hazardous,454.2193,Unsuitable,31.6828,55.5333,704.0992,0.3696,0.0021,0.6283
2025-03-16,7.3919,886,67.7086,529.8,Hazardous,860.6218,Unsuitable,26.1296,59.0667,1354.1713,0.3696,0.0021,0.6283
2025-03-17,7.2804,875,0.5,40.3,Safe,13.314,Excellent,18.6927,58.3333,10.0,0.3696,0.0021,0.6283
2025-03-18,7.3789,691,35.2759,318.9,Hazardous,452.7184,Unsuitable,25.2619,46.0667,705.5188,0.3696,0.0021,0.6283
2025-03-19,8.0095,806,26.2513,229.7,Hazardous,354.8664,Unsuitable,67.3001,53.7333,525.0268,0.3696,0.0021,0.6283
2025-03-20,7.3837,813,0.5,62.6,Moderate,15.8501,Excellent,25.5779,54.2,10.0,0.3696,0.0021,0.6283
2025-03-21,7.8235,741,0.5,10.0,Safe,26.6779,Good,54.9016,49.4,10.0,0.3696,0.0021,0.6283
2025-03-22,7.233,824,66.9854,539.9,Hazardous,847.6082,Unsuitable,15.5301,54.9333,1339.7082,0.3696,0.0021,0.6283
2025-03-23,7.447,876,19.8778,172.5,Poor,260.9247,Unsuitable,29.7978,58.4,397.5568,0.3696,0.0021,0.6283
2025-03-24,7.7775,771,0.5,91.5,Moderate,25.5485,Good,51.8344,51.4,10.0,0.3696,0.0021,0.6283
2025-03-25,5.76,835,31.4547,270.0,Hazardous,425.9366,Unsuitable,82.667,55.6667,629.0942,0.3696,0.0021,0.6283
2025-03-26,6.8589,779,87.0821,765.4,Hazardous,1097.8792,Unsuitable,9.4099,51.9333,1741.6418,0.3696,0.0021,0.6283
2025-03-27,6.7133,790,0.5,39.2,Safe,13.4584,Excellent,19.1155,52.6667,10.0,0.3696,0.0021,0.6283
2025-03-28,6.5505,886,0.5,25.6,Safe,17.4827,Excellent,29.9677,59.0667,10.0,0.3696,0.0021,0.6283
2025-03-29,6.9019,796,0.5,10.7,Safe,8.8122,Excellent,6.5421,53.0667,10.0,0.3696,0.0021,0.6283
2025-03-30,8.6118,841,102.2208,883.7,Hazardous,1324.362,Unsuitable,107.456,56.0667,2044.4167,0.3696,0.0021,0.6283
2025-03-31,6.3312,736,48.6658,414.2,Hazardous,628.1257,Unsuitable,44.5841,49.0667,973.3156,0.3696,0.0021,0.6283
2025-04-01,8.1031,1104,74.0581,681.7,Hazardous,957.964,Unsuitable,73.5375,73.6,1481.1627,0.3696,0.0021,0.6283
2025-04-02,5.5419,1047,0.5,56.2,Moderate,42.3552,Good,97.2036,69.8,10.0,0.3696,0.0021,0.6283
2025-04-03,6.8442,1012,0.5,61.4,Moderate,10.2644,Excellent,10.3897,67.4667,10.0,0.3696,0.0021,0.6283
2025-04-04,7.3249,1046,58.8486,496.5,Hazardous,747.6557,Unsuitable,21.6595,69.7333,1176.9719,0.3696,0.0021,0.6283
2025-04-05,7.734,957,40.3051,362.9,Hazardous,524.7013,Unsuitable,48.9321,63.8,806.1019,0.3696,0.0021,0.6283
2025-04-06,7.8547,1073,63.653,531.4,Hazardous,821.0879,Unsuitable,56.9827,71.5333,1273.06,0.3696,0.0021,0.6283
2025-04-07,7.9341,1005,28.5972,272.0,Hazardous,382.5141,Unsuitable,62.2715,67.0,571.9439,0.3696,0.0021,0.6283
2025-04-08,6.8308,1011,50.7717,466.8,Hazardous,642.3187,Unsuitable,11.2811,67.4,1015.4337,0.3696,0.0021,0.6283
2025-04-09,6.721,998,45.0581,390.9,Hazardous,573.223,Unsuitable,18.5989,66.5333,901.1614,0.3696,0.0021,0.6283
2025-04-10,7.9965,994,74.5556,647.7,Hazardous,961.5744,Unsuitable,66.4337,66.2667,1491.112,0.3696,0.0021,0.6283
2025-04-11,6.9829,1051,75.9476,597.9,Hazardous,954.943,Unsuitable,1.1427,70.0667,1518.9515,0.3696,0.0021,0.6283
2025-04-12,5.9353,1032,0.5,51.3,Moderate,32.661,Good,70.9798,68.8,10.0,0.3696,0.0021,0.6283
2025-04-13,6.0729,1049,0.5,10.0,Safe,29.2738,Good,61.809,69.9333,10.0,0.3696,0.0021,0.6283
2025-04-14,6.2794,1020,85.2178,695.4,Hazardous,1088.762,Unsuitable,48.0374,68.0,1704.3555,0.3696,0.0021,0.6283
2025-04-15,7.6479,1043,94.0711,807.6,Hazardous,1198.2287,Unsuitable,43.1963,69.5333,1881.4218,0.3696,0.0021,0.6283
2025-04-16,7.3053,1001,0.5,44.9,Safe,13.9443,Excellent,20.3504,66.7333,10.0,0.3696,0.0021,0.6283
2025-04-17,7.8347,1120,0.5,95.2,Moderate,27.0063,Good,55.6469,74.6667,10.0,0.3696,0.0021,0.6283
2025-04-18,6.7549,949,42.2454,330.0,Hazardous,537.0366,Unsuitable,16.3384,63.2667,844.9089,0.3696,0.0021,0.6283
2025-04-19,7.3208,1077,81.8423,698.8,Hazardous,1036.504,Unsuitable,21.3882,71.8,1636.8467,0.3696,0.0021,0.6283
2025-04-20,7.772,1082,120.0,995.1,Hazardous,1527.1195,Unsuitable,51.4675,72.1333,2400.0,0.3696,0.0021,0.6283
2025-04-21,6.8688,982,62.1087,530.9,Hazardous,783.8405,Unsuitable,8.745,65.4667,1242.1736,0.3696,0.0021,0.6283
2025-04-22,7.6089,1120,19.8359,201.2,Hazardous,264.423,Unsuitable,40.5953,74.6667,396.7189,0.3696,0.0021,0.6283
2025-04-23,6.5282,1065,0.5,41.8,Safe,18.0563,Excellent,31.452,71.0,10.0,0.3696,0.0021,0.6283
2025-04-24,6.8169,1064,38.0761,351.3,Hazardous,483.1322,Unsuitable,12.2039,70.9333,761.5229,0.3696,0.0021,0.6283
2025-04-25,6.7989,1021,23.2849,224.0,Hazardous,297.7012,Unsuitable,13.4072,68.0667,465.6985,0.3696,0.0021,0.6283
2025-04-26,6.0124,1010,0.5,11.6,Safe,30.7573,Good,65.8375,67.3333,10.0,0.3696,0.0021,0.6283
2025-04-27,7.6381,1011,120.0,978.5,Hazardous,1523.81,Unsuitable,42.5401,67.4,2400.0,0.3696,0.0021,0.6283
2025-04-28,6.7142,1038,120.0,1007.3,Hazardous,1515.1331,Unsuitable,19.053,69.2,2400.0,0.3696,0.0021,0.6283
2025-04-29,7.1797,1083,91.6111,740.7,Hazardous,1155.7851,Unsuitable,11.9824,72.2,1832.2221,0.3696,0.0021,0.6283
2025-04-30,7.6321,1028,0.5,16.6,Safe,22.0011,Excellent,42.1392,68.5333,10.0,0.3696,0.0021,0.6283
2025-05-01,7.599,1079,81.7891,668.3,Hazardous,1042.6907,Unsuitable,39.9356,71.9333,1635.7825,0.3696,0.0021,0.6283
2025-05-02,7.8105,1157,71.0696,615.5,Hazardous,913.2066,Unsuitable,54.0304,77.1333,1421.3913,0.3696,0.0021,0.6283
2025-05-03,7.0725,1161,61.2614,515.2,Hazardous,771.7727,Unsuitable,4.835,77.4,1225.2271,0.3696,0.0021,0.6283
2025-05-04,6.7587,1149,101.4297,837.3,Hazardous,1280.6922,Unsuitable,16.0838,76.6,2028.5931,0.3696,0.0021,0.6283
2025-05-05,7.0907,1154,70.8578,651.3,Hazardous,892.8094,Unsuitable,6.0437,76.9333,1417.1558,0.3696,0.0021,0.6283
2025-05-06,5.5376,1108,76.0656,680.3,Hazardous,992.0441,Unsuitable,97.4911,73.8667,1521.3123,0.3696,0.0021,0.6283
2025-05-07,5.7697,1078,70.9342,635.5,Hazardous,921.8393,Unsuitable,82.0202,71.8667,1418.6838,0.3696,0.0021,0.6283
2025-05-08,5.8899,1081,56.1973,504.6,Hazardous,733.6914,Unsuitable,74.0076,72.0667,1123.9461,0.3696,0.0021,0.6283
2025-05-09,6.2043,1046,0.5,83.3,Moderate,26.0353,Good,53.0476,69.7333,10.0,0.3696,0.0021,0.6283
2025-05-10,7.5539,1131,43.3986,409.3,Hazardous,559.1611,Unsuitable,36.9243,75.4,867.9717,0.3696,0.0021,0.6283
2025-05-11,6.2929,1116,11.5567,123.7,Poor,162.8018,Unsuitable,47.1375,74.4,231.1342,0.3696,0.0021,0.6283
2025-05-12,6.8023,1100,0.5,62.4,Moderate,11.3068,Excellent,13.1769,73.3333,10.0,0.3696,0.0021,0.6283
2025-05-13,8.4228,987,120.0,1016.7,Hazardous,1543.1407,Unsuitable,94.8516,65.8,2400.0,0.3696,0.0021,0.6283
2025-05-14,6.8235,1064,120.0,952.5,Hazardous,1512.4437,Unsuitable,11.7666,70.9333,2400.0,0.3696,0.0021,0.6283
2025-05-15,7.8801,1170,106.8819,898.2,Hazardous,1364.9516,Unsuitable,58.6758,78.0,2137.639,0.3696,0.0021,0.6283
2025-05-16,6.2658,1090,51.9383,410.8,Hazardous,670.9118,Unsuitable,48.9497,72.6667,1038.7661,0.3696,0.0021,0.6283
2025-05-17,6.9692,1136,106.4542,864.0,Hazardous,1338.6438,Unsuitable,2.053,75.7333,2129.0835,0.3696,0.0021,0.6283
2025-05-18,6.2499,1057,39.8368,388.1,Hazardous,519.228,Unsuitable,50.0062,70.4667,796.7367,0.3696,0.0021,0.6283
2025-05-19,6.8401,1185,49.3297,448.9,Hazardous,623.9918,Unsuitable,10.6569,79.0,986.5937,0.3696,0.0021,0.6283
2025-05-20,7.9794,1114,0.5,91.3,Moderate,30.5717,Good,65.2959,74.2667,10.0,0.3696,0.0021,0.6283
2025-05-21,5.5,1133,58.9942,540.8,Hazardous,778.4521,Unsuitable,100.0,75.5333,1179.8846,0.3696,0.0021,0.6283
2025-05-22,7.5873,1200,42.2422,340.3,Hazardous,545.4645,Unsuitable,39.1558,80.0,844.8447,0.3696,0.0021,0.6283
2025-05-23,7.3973,1188,0.5,10.0,Safe,16.239,Excellent,26.4886,79.2,10.0,0.3696,0.0021,0.6283
2025-05-24,6.5937,1106,36.689,345.8,Hazardous,471.208,Unsuitable,27.0871,73.7333,733.7805,0.3696,0.0021,0.6283
2025-05-25,5.7707,1093,35.269,328.3,Hazardous,473.6402,Unsuitable,81.9522,72.8667,705.3808,0.3696,0.0021,0.6283
2025-05-26,7.2373,1105,120.0,1035.5,Hazardous,1513.9487,Unsuitable,15.8231,73.6667,2400.0,0.3696,0.0021,0.6283
2025-05-27,6.6562,1143,83.7397,698.6,Hazardous,1060.9234,Unsuitable,22.923,76.2,1674.7943,0.3696,0.0021,0.6283
2025-05-28,7.3924,1115,39.8066,357.9,Hazardous,510.0436,Unsuitable,26.1628,74.3333,796.1318,0.3696,0.0021,0.6283
2025-05-29,7.1888,1102,51.6185,422.3,Hazardous,653.4545,Unsuitable,12.5851,73.4667,1032.3699,0.3696,0.0021,0.6283
2025-05-30,8.715,1186,41.4373,432.6,Hazardous,563.1342,Unsuitable,114.3366,79.0667,828.7463,0.3696,0.0021,0.6283
2025-05-31,6.9364,1115,29.1385,292.0,Hazardous,367.8821,Unsuitable,4.2374,74.3333,582.7692,0.3696,0.0021,0.6283
2025-06-01,6.1789,1023,0.5,20.3,Safe,26.6569,Good,54.7382,68.2,10.0,0.3696,0.0021,0.6283
2025-06-02,7.3409,924,37.2359,318.5,Hazardous,476.4426,Unsuitable,22.7236,61.6,744.7189,0.3696,0.0021,0.6283
2025-06-03,7.3802,1000,2.4717,52.9,Moderate,40.5678,Good,25.3462,66.6667,49.4348,0.3696,0.0021,0.6283
2025-06-04,8.4807,936,0.5,35.2,Safe,42.8976,Good,98.7131,62.4,10.0,0.3696,0.0021,0.6283
2025-06-05,7.9744,963,75.9277,692.8,Hazardous,978.2685,Unsuitable,64.9612,64.2,1518.555,0.3696,0.0021,0.6283
2025-06-06,7.5124,887,68.9195,576.7,Hazardous,878.8076,Unsuitable,34.1612,59.1333,1378.3906,0.3696,0.0021,0.6283
2025-06-07,8.5813,882,0.5,51.0,Moderate,45.3683,Good,105.4184,58.8,10.0,0.3696,0.0021,0.6283
2025-06-08,6.0193,941,38.8932,286.8,Hazardous,513.037,Unsuitable,65.3818,62.7333,777.8647,0.3696,0.0021,0.6283
2025-06-09,6.5496,964,104.2323,822.3,Hazardous,1321.0378,Unsuitable,30.0239,64.2667,2084.6469,0.3696,0.0021,0.6283
2025-06-10,6.2726,922,107.9435,873.3,Hazardous,1374.4942,Unsuitable,48.4962,61.4667,2158.8698,0.3696,0.0021,0.6283
2025-06-11,6.7911,862,105.9929,840.2,Hazardous,1337.1982,Unsuitable,13.927,57.4667,2119.8588,0.3696,0.0021,0.6283
2025-06-12,5.8377,859,48.3342,457.1,Hazardous,636.1361,Unsuitable,77.4845,57.2667,966.6843,0.3696,0.0021,0.6283
2025-06-13,7.7812,856,0.5,30.1,Safe,25.6523,Good,52.0832,57.0667,10.0,0.3696,0.0021,0.6283
2025-06-14,6.953,840,0.5,77.0,Moderate,7.5587,Excellent,3.134,56.0,10.0,0.3696,0.0021,0.6283
2025-06-15,5.7468,925,66.1935,586.6,Hazardous,862.8099,Unsuitable,83.5461,61.6667,1323.8709,0.3696,0.0021,0.6283
2025-06-16,6.1866,971,68.2194,569.9,Hazardous,877.4374,Unsuitable,54.2282,64.7333,1364.3871,0.3696,0.0021,0.6283
2025-06-17,7.4705,919,120.0,989.0,Hazardous,1519.6684,Unsuitable,31.3689,61.2667,2400.0,0.3696,0.0021,0.6283
2025-06-18,7.9773,818,110.3246,915.5,Hazardous,1410.5579,Unsuitable,65.1554,54.5333,2206.4912,0.3696,0.0021,0.6283
2025-06-19,8.8,911,38.3356,400.3,Hazardous,526.2127,Unsuitable,120.0,60.7333,766.7129,0.3696,0.0021,0.6283
2025-06-20,8.8,913,0.5,10.0,Safe,50.7619,Poor,120.0,60.8667,10.0,0.3696,0.0021,0.6283
2025-06-21,7.568,1014,27.4177,205.6,Hazardous,358.6743,Unsuitable,37.8669,67.6,548.3547,0.3696,0.0021,0.6283
2025-06-22,6.2117,854,58.752,486.2,Hazardous,757.8327,Unsuitable,52.5511,56.9333,1175.0406,0.3696,0.0021,0.6283
2025-06-23,5.5,902,34.2546,334.3,Hazardous,467.5356,Unsuitable,100.0,60.1333,685.0911,0.3696,0.0021,0.6283
2025-06-24,7.4263,997,12.2987,129.1,Poor,165.1906,Unsuitable,28.4191,66.4667,245.9735,0.3696,0.0021,0.6283
2025-06-25,6.3823,940,60.835,528.8,Hazardous,779.8164,Unsuitable,41.1778,62.6667,1216.7002,0.3696,0.0021,0.6283
2025-06-26,6.7664,945,16.6182,175.3,Poor,214.7158,Unsuitable,15.5723,63.0,332.3647,0.3696,0.0021,0.6283
2025-06-27,6.5764,925,9.3675,129.3,Poor,128.2816,Unsuitable,28.2429,61.6667,187.3499,0.3696,0.0021,0.6283
2025-06-28,7.0317,935,64.2567,574.6,Hazardous,808.3745,Unsuitable,2.1105,62.3333,1285.1342,0.3696,0.0021,0.6283
2025-06-29,8.1974,955,22.5753,228.1,Hazardous,313.3244,Unsuitable,79.8298,63.6667,451.5063,0.3696,0.0021,0.6283
2025-06-30,7.3194,884,60.322,537.5,Hazardous,766.0128,Unsuitable,21.2921,58.9333,1206.4407,0.3696,0.0021,0.6283
2025-07-01,7.0144,660,71.2106,592.1,Hazardous,895.2951,Unsuitable,0.9613,44.0,1424.2115,0.3696,0.0021,0.6283
2025-07-02,6.1672,558,0.5,20.8,Safe,26.8813,Good,55.5211,37.2,10.0,0.3696,0.0021,0.6283
2025-07-03,5.5499,635,20.604,219.3,Hazardous,294.7338,Unsuitable,96.6763,42.3333,412.0796,0.3696,0.0021,0.6283
2025-07-04,6.6979,628,120.0,989.0,Hazardous,1515.4783,Unsuitable,20.1418,41.8667,2400.0,0.3696,0.0021,0.6283
2025-07-05,7.1157,592,0.5,13.7,Safe,9.2168,Excellent,7.714,39.4667,10.0,0.3696,0.0021,0.6283
2025-07-06,8.8,619,0.5,99.4,Moderate,50.7209,Poor,120.0,41.2667,10.0,0.3696,0.0021,0.6283
2025-07-07,7.2935,592,0.5,10.0,Safe,13.5979,Excellent,19.5678,39.4667,10.0,0.3696,0.0021,0.6283
2025-07-08,8.117,572,54.8373,445.2,Hazardous,716.7001,Unsuitable,74.4688,38.1333,1096.7451,0.3696,0.0021,0.6283
2025-07-09,6.6853,604,54.9585,429.3,Hazardous,698.4582,Unsuitable,20.9782,40.2667,1099.1698,0.3696,0.0021,0.6283
2025-07-10,6.023,570,44.9955,390.9,Hazardous,589.5772,Unsuitable,65.1358,38.0,899.9107,0.3696,0.0021,0.6283
2025-07-11,6.2353,635,120.0,981.7,Hazardous,1526.8763,Unsuitable,50.9783,42.3333,2400.0,0.3696,0.0021,0.6283
2025-07-12,6.4671,568,0.5,10.0,Safe,19.4936,Excellent,35.5287,37.8667,10.0,0.3696,0.0021,0.6283
2025-07-13,8.8,652,79.443,648.7,Hazardous,1042.7409,Unsuitable,120.0,43.4667,1588.8607,0.3696,0.0021,0.6283
2025-07-14,6.3742,567,120.0,963.5,Hazardous,1523.4456,Unsuitable,41.7217,37.8,2400.0,0.3696,0.0021,0.6283
2025-07-15,7.9777,595,0.5,86.8,Moderate,30.4559,Good,65.1787,39.6667,10.0,0.3696,0.0021,0.6283
2025-07-16,6.2954,592,27.408,280.2,Hazardous,361.8586,Unsuitable,46.9732,39.4667,548.16,0.3696,0.0021,0.6283
2025-07-17,8.0676,680,2.3822,59.8,Moderate,56.3358,Poor,71.1736,45.3333,47.6444,0.3696,0.0021,0.6283
2025-07-18,7.5395,635,0.5,30.6,Safe,19.666,Excellent,35.9697,42.3333,10.0,0.3696,0.0021,0.6283
2025-07-19,7.0163,610,30.9997,228.2,Hazardous,390.0364,Unsuitable,1.0899,40.6667,619.9931,0.3696,0.0021,0.6283
2025-07-20,7.1283,642,120.0,916.7,Hazardous,1511.1969,Unsuitable,8.5526,42.8,2400.0,0.3696,0.0021,0.6283
2025-07-21,6.5351,525,120.0,968.2,Hazardous,1519.4742,Unsuitable,30.9923,35.0,2400.0,0.3696,0.0021,0.6283
2025-07-22,7.5986,618,30.3505,240.2,Hazardous,396.2267,Unsuitable,39.906,41.2,607.0105,0.3696,0.0021,0.6283
2025-07-23,6.7281,710,120.0,1003.6,Hazardous,1514.7441,Unsuitable,18.1244,47.3333,2400.0,0.3696,0.0021,0.6283
2025-07-24,5.9837,626,55.271,442.8,Hazardous,719.6768,Unsuitable,67.7545,41.7333,1105.4203,0.3696,0.0021,0.6283
2025-07-25,5.9331,623,120.0,972.5,Hazardous,1534.3206,Unsuitable,71.1248,41.5333,2400.0,0.3696,0.0021,0.6283
2025-07-26,7.3344,645,46.6263,404.0,Hazardous,594.2463,Unsuitable,22.2929,43.0,932.5269,0.3696,0.0021,0.6283
2025-07-27,8.6931,660,61.6757,538.2,Hazardous,816.8408,Unsuitable,112.8755,44.0,1233.5141,0.3696,0.0021,0.6283
2025-07-28,7.3222,530,77.3999,649.0,Hazardous,980.6374,Unsuitable,21.4817,35.3333,1547.9976,0.3696,0.0021,0.6283
2025-07-29,7.0531,544,120.0,944.9,Hazardous,1509.3296,Unsuitable,3.5372,36.2667,2400.0,0.3696,0.0021,0.6283
2025-07-30,7.4438,629,109.9871,925.2,Hazardous,1393.1441,Unsuitable,29.5857,41.9333,2199.7413,0.3696,0.0021,0.6283
2025-07-31,8.4293,588,5.4428,76.0,Moderate,103.6955,Unsuitable,95.2878,39.2,108.8561,0.3696,0.0021,0.6283
2025-08-01,7.3796,599,120.0,1002.3,Hazardous,1517.3831,Unsuitable,25.3066,39.9333,2400.0,0.3696,0.0021,0.6283
2025-08-02,6.7707,526,29.5367,262.7,Hazardous,376.8878,Unsuitable,15.287,35.0667,590.7336,0.3696,0.0021,0.6283
2025-08-03,8.2364,453,20.6794,164.5,Poor,290.3898,Unsuitable,82.4257,30.2,413.5889,0.3696,0.0021,0.6283
2025-08-04,7.5819,483,117.5037,968.1,Hazardous,1490.9813,Unsuitable,38.7908,32.2,2350.0736,0.3696,0.0021,0.6283
2025-08-05,8.6513,416,56.743,527.6,Hazardous,753.7897,Unsuitable,110.0846,27.7333,1134.8599,0.3696,0.0021,0.6283
2025-08-06,7.3447,529,73.8796,619.2,Hazardous,936.9544,Unsuitable,22.9786,35.2667,1477.5929,0.3696,0.0021,0.6283
2025-08-07,5.9848,532,55.5589,468.0,Hazardous,723.2547,Unsuitable,67.6813,35.4667,1111.1788,0.3696,0.0021,0.6283
2025-08-08,5.846,521,77.8962,713.2,Hazardous,1007.3679,Unsuitable,76.9353,34.7333,1557.9233,0.3696,0.0021,0.6283
2025-08-09,8.7625,589,84.0159,746.2,Hazardous,1099.273,Unsuitable,117.502,39.2667,1680.3188,0.3696,0.0021,0.6283
2025-08-10,8.8,594,0.5,62.9,Moderate,50.7174,Poor,120.0,39.6,10.0,0.3696,0.0021,0.6283
2025-08-11,6.9942,532,100.7452,836.0,Hazardous,1266.2024,Unsuitable,0.3837,35.4667,2014.904,0.3696,0.0021,0.6283
2025-08-12,6.7975,444,0.5,86.2,Moderate,11.3348,Excellent,13.5005,29.6,10.0,0.3696,0.0021,0.6283
2025-08-13,8.5795,568,0.5,101.4,Poor,45.2803,Good,105.2987,37.8667,10.0,0.3696,0.0021,0.6283
2025-08-14,6.0982,565,50.5461,409.7,Hazardous,657.4717,Unsuitable,60.1189,37.6667,1010.9217,0.3696,0.0021,0.6283
2025-08-15,6.3033,554,60.4056,504.9,Hazardous,776.3128,Unsuitable,46.445,36.9333,1208.1113,0.3696,0.0021,0.6283
2025-08-16,7.7891,584,6.571,117.4,Poor,102.0989,Unsuitable,52.6098,38.9333,131.4207,0.3696,0.0021,0.6283
2025-08-17,6.7865,488,112.1326,881.1,Hazardous,1414.4129,Unsuitable,14.2359,32.5333,2242.6527,0.3696,0.0021,0.6283
2025-08-18,7.1627,630,0.5,10.0,Safe,10.3804,Excellent,10.8479,42.0,10.0,0.3696,0.0021,0.6283
2025-08-19,7.0098,497,26.4131,219.3,Hazardous,332.2231,Unsuitable,0.6516,33.1333,528.262,0.3696,0.0021,0.6283
2025-08-20,7.4938,574,14.0929,134.9,Poor,189.3411,Unsuitable,32.9185,38.2667,281.858,0.3696,0.0021,0.6283
2025-08-21,8.5274,464,51.3648,460.7,Hazardous,683.1594,Unsuitable,101.8234,30.9333,1027.2959,0.3696,0.0021,0.6283
2025-08-22,7.2552,498,73.8996,590.2,Hazardous,934.9957,Unsuitable,17.0117,33.2,1477.9923,0.3696,0.0021,0.6283
2025-08-23,7.7897,608,0.5,29.7,Safe,25.8269,Good,52.6492,40.5333,10.0,0.3696,0.0021,0.6283
2025-08-24,5.5,528,104.7411,851.9,Hazardous,1353.2333,Unsuitable,100.0,35.2,2094.8228,0.3696,0.0021,0.6283
2025-08-25,7.1206,578,58.953,459.8,Hazardous,743.8682,Unsuitable,8.0402,38.5333,1179.0594,0.3696,0.0021,0.6283
2025-08-26,6.3531,551,0.5,75.8,Moderate,22.3001,Excellent,43.1285,36.7333,10.0,0.3696,0.0021,0.6283
2025-08-27,5.9902,535,0.5,39.0,Safe,31.2378,Good,67.3171,35.6667,10.0,0.3696,0.0021,0.6283
2025-08-28,6.3193,601,53.7376,483.6,Hazardous,692.1333,Unsuitable,45.3776,40.0667,1074.7514,0.3696,0.0021,0.6283
2025-08-29,6.8449,529,39.2904,318.9,Hazardous,497.6278,Unsuitable,10.3407,35.2667,785.8085,0.3696,0.0021,0.6283
2025-08-30,8.0525,460,47.4296,408.8,Hazardous,622.0073,Unsuitable,70.1644,30.6667,948.5919,0.3696,0.0021,0.6283
2025-08-31,5.8863,504,52.653,439.6,Hazardous,689.1605,Unsuitable,74.2455,33.6,1053.0605,0.3696,0.0021,0.6283
2025-09-01,7.1973,605,63.6267,465.1,Hazardous,804.4913,Unsuitable,13.1505,40.3333,1272.5331,0.3696,0.0021,0.6283
2025-09-02,6.6999,598,108.938,848.9,Hazardous,1376.4156,Unsuitable,20.004,39.8667,2178.7599,0.3696,0.0021,0.6283
2025-09-03,6.8511,509,0.5,10.0,Safe,10.0225,Excellent,9.9252,33.9333,10.0,0.3696,0.0021,0.6283
2025-09-04,8.1364,547,0.5,10.0,Safe,34.3593,Good,75.7581,36.4667,10.0,0.3696,0.0021,0.6283
2025-09-05,7.6875,554,0.5,10.0,Safe,23.3004,Excellent,45.8339,36.9333,10.0,0.3696,0.0021,0.6283
2025-09-06,8.4596,564,67.6023,625.2,Hazardous,885.5494,Unsuitable,97.3098,37.6,1352.0463,0.3696,0.0021,0.6283
2025-09-07,7.0184,518,120.0,978.6,Hazardous,1508.4722,Unsuitable,1.2272,34.5333,2400.0,0.3696,0.0021,0.6283
2025-09-08,6.4954,552,22.406,258.9,Hazardous,294.0704,Unsuitable,33.6428,36.8,448.1207,0.3696,0.0021,0.6283
2025-09-09,6.9514,547,0.5,30.6,Safe,7.5567,Excellent,3.2393,36.4667,10.0,0.3696,0.0021,0.6283
2025-09-10,7.4019,615,0.5,44.7,Safe,16.2724,Excellent,26.7952,41.0,10.0,0.3696,0.0021,0.6283
2025-09-11,7.3382,616,0.5,10.0,Safe,14.7033,Excellent,22.5496,41.0667,10.0,0.3696,0.0021,0.6283
2025-09-12,6.1201,573,14.4751,152.1,Poor,203.6571,Unsuitable,58.6597,38.2,289.5013,0.3696,0.0021,0.6283
2025-09-13,7.2551,562,23.8462,217.5,Hazardous,306.0203,Unsuitable,17.0056,37.4667,476.9241,0.3696,0.0021,0.6283
2025-09-14,7.3881,586,51.8937,415.6,Hazardous,661.753,Unsuitable,25.8763,39.0667,1037.8738,0.3696,0.0021,0.6283
2025-09-15,8.8,543,29.9105,304.8,Hazardous,420.2896,Unsuitable,120.0,36.2,598.2108,0.3696,0.0021,0.6283
2025-09-16,8.8,528,115.3191,992.4,Hazardous,1493.5498,Unsuitable,120.0,35.2,2306.3815,0.3696,0.0021,0.6283
2025-09-17,6.3434,538,7.0524,72.6,Moderate,104.8759,Unsuitable,43.7734,35.8667,141.0486,0.3696,0.0021,0.6283
2025-09-18,6.89,551,0.5,10.0,Safe,9.0693,Excellent,7.3305,36.7333,10.0,0.3696,0.0021,0.6283
2025-09-19,5.7539,528,79.5223,657.1,Hazardous,1030.0711,Unsuitable,83.0718,35.2,1590.4458,0.3696,0.0021,0.6283
2025-09-20,6.597,587,0.5,38.2,Safe,16.2944,Excellent,26.8653,39.1333,10.0,0.3696,0.0021,0.6283
2025-09-21,7.4726,613,73.926,623.7,Hazardous,940.6992,Unsuitable,31.5036,40.8667,1478.5196,0.3696,0.0021,0.6283
2025-09-22,8.3326,509,55.908,463.6,Hazardous,735.4567,Unsuitable,88.838,33.9333,1118.1591,0.3696,0.0021,0.6283
2025-09-23,6.4633,581,40.2207,355.1,Hazardous,518.7257,Unsuitable,35.7772,38.7333,804.413,0.3696,0.0021,0.6283
2025-09-24,6.5357,570,120.0,1001.8,Hazardous,1519.4652,Unsuitable,30.951,38.0,2400.0,0.3696,0.0021,0.6283
2025-09-25,5.5,595,10.429,130.7,Poor,168.0958,Unsuitable,100.0,39.6667,208.5803,0.3696,0.0021,0.6283
2025-09-26,7.0105,579,120.0,1014.6,Hazardous,1508.2865,Unsuitable,0.7017,38.6,2400.0,0.3696,0.0021,0.6283
2025-09-27,6.1413,515,35.3268,350.7,Hazardous,465.1538,Unsuitable,57.2446,34.3333,706.5365,0.3696,0.0021,0.6283
2025-09-28,6.6562,523,0.5,10.0,Safe,14.8271,Excellent,22.9195,34.8667,10.0,0.3696,0.0021,0.6283
2025-09-29,6.3206,581,53.8602,504.8,Hazardous,693.6406,Unsuitable,45.2944,38.7333,1077.2037,0.3696,0.0021,0.6283
2025-09-30,7.0766,626,0.5,10.0,Safe,8.258,Excellent,5.107,41.7333,10.0,0.3696,0.0021,0.6283
2025-10-01,5.5,560,1.9033,105.1,Poor,60.9549,Poor,100.0,37.3333,38.0659,0.3696,0.0021,0.6283
2025-10-02,5.7504,676,61.5614,551.9,Hazardous,804.4768,Unsuitable,83.3039,45.0667,1231.2276,0.3696,0.0021,0.6283
2025-10-03,8.8,714,69.795,599.4,Hazardous,921.5105,Unsuitable,120.0,47.6,1395.9004,0.3696,0.0021,0.6283
2025-10-04,5.924,653,8.633,67.9,Moderate,135.0881,Unsuitable,71.7357,43.5333,172.6595,0.3696,0.0021,0.6283
2025-10-05,6.1081,685,92.2201,753.1,Hazardous,1180.9295,Unsuitable,59.4582,45.6667,1844.4028,0.3696,0.0021,0.6283
2025-10-06,8.8,628,101.0538,810.3,Hazardous,1314.303,Unsuitable,120.0,41.8667,2021.0757,0.3696,0.0021,0.6283
2025-10-07,8.8,655,115.5319,999.3,Hazardous,1496.2421,Unsuitable,120.0,43.6667,2310.6382,0.3696,0.0021,0.6283
2025-10-08,6.0359,587,68.436,610.5,Hazardous,883.8197,Unsuitable,64.2743,39.1333,1368.7209,0.3696,0.0021,0.6283
2025-10-09,6.8119,555,111.7475,904.4,Hazardous,1408.9555,Unsuitable,12.5384,37.0,2234.9504,0.3696,0.0021,0.6283
2025-10-10,7.4976,702,0.5,62.9,Moderate,18.6424,Excellent,33.1749,46.8,10.0,0.3696,0.0021,0.6283
2025-10-11,8.8,616,24.4336,218.0,Hazardous,351.4759,Unsuitable,120.0,41.0667,488.6728,0.3696,0.0021,0.6283
2025-10-12,6.2143,640,0.5,12.6,Safe,25.7313,Good,52.3785,42.6667,10.0,0.3696,0.0021,0.6283
2025-10-13,6.9307,598,47.1345,418.8,Hazardous,594.0928,Unsuitable,4.6188,39.8667,942.6897,0.3696,0.0021,0.6283
2025-10-14,7.9186,597,11.2668,144.5,Poor,164.2992,Unsuitable,61.2404,39.8,225.337,0.3696,0.0021,0.6283
2025-10-15,7.5877,652,32.3141,317.9,Hazardous,420.6376,Unsuitable,39.1779,43.4667,646.2829,0.3696,0.0021,0.6283
2025-10-16,6.8043,627,120.0,973.0,Hazardous,1512.8562,Unsuitable,13.0477,41.8,2400.0,0.3696,0.0021,0.6283
2025-10-17,7.0384,677,32.1292,322.2,Hazardous,404.7826,Unsuitable,2.5592,45.1333,642.5834,0.3696,0.0021,0.6283
2025-10-18,5.8395,680,62.4317,526.9,Hazardous,813.2205,Unsuitable,77.3692,45.3333,1248.6339,0.3696,0.0021,0.6283
2025-10-19,6.9376,674,28.8809,255.6,Hazardous,364.5557,Unsuitable,4.1613,44.9333,577.6178,0.3696,0.0021,0.6283
2025-10-20,6.9103,671,44.8748,363.0,Hazardous,566.2101,Unsuitable,5.9783,44.7333,897.4964,0.3696,0.0021,0.6283
2025-10-21,7.392,731,41.2554,348.9,Hazardous,528.1839,Unsuitable,26.1301,48.7333,825.1077,0.3696,0.0021,0.6283
2025-10-22,6.6312,612,64.225,546.0,Hazardous,816.2377,Unsuitable,24.5868,40.8,1284.4995,0.3696,0.0021,0.6283
2025-10-23,7.6232,658,101.4588,824.3,Hazardous,1290.4011,Unsuitable,41.5461,43.8667,2029.1767,0.3696,0.0021,0.6283
2025-10-24,8.146,711,120.0,1001.3,Hazardous,1536.2824,Unsuitable,76.3994,47.4,2400.0,0.3696,0.0021,0.6283
2025-10-25,7.3178,717,57.0219,503.0,Hazardous,724.4807,Unsuitable,21.1878,47.8,1140.438,0.3696,0.0021,0.6283
2025-10-26,7.5075,596,71.5589,609.0,Hazardous,911.8115,Unsuitable,33.8318,39.7333,1431.1771,0.3696,0.0021,0.6283
2025-10-27,7.219,646,0.5,79.9,Moderate,11.7698,Excellent,14.6011,43.0667,10.0,0.3696,0.0021,0.6283
2025-10-28,7.1677,721,36.3794,341.6,Hazardous,461.3852,Unsuitable,11.1832,48.0667,727.5876,0.3696,0.0021,0.6283
2025-10-29,6.4706,683,89.7734,730.3,Hazardous,1141.251,Unsuitable,35.2925,45.5333,1795.4672,0.3696,0.0021,0.6283
2025-10-30,7.4734,669,85.9138,730.7,Hazardous,1091.3696,Unsuitable,31.5609,44.6,1718.2757,0.3696,0.0021,0.6283
2025-10-31,7.0737,650,51.9321,428.5,Hazardous,654.4964,Unsuitable,4.9123,43.3333,1038.6419,0.3696,0.0021,0.6283
2025-11-01,8.8,683,76.1027,670.4,Hazardous,1000.7698,Unsuitable,120.0,45.5333,1522.0537,0.3696,0.0021,0.6283
2025-11-02,8.6876,713,58.1254,485.6,Hazardous,772.0982,Unsuitable,112.5061,47.5333,1162.5088,0.3696,0.0021,0.6283
2025-11-03,7.5404,689,90.3668,800.4,Hazardous,1148.981,Unsuitable,36.0273,45.9333,1807.3364,0.3696,0.0021,0.6283
2025-11-04,6.4305,698,48.9735,419.0,Hazardous,629.541,Unsuitable,37.9652,46.5333,979.4701,0.3696,0.0021,0.6283
2025-11-05,6.093,704,19.6622,192.4,Poor,269.525,Unsuitable,60.4645,46.9333,393.2437,0.3696,0.0021,0.6283
2025-11-06,8.3184,669,51.0856,466.8,Hazardous,674.5307,Unsuitable,87.8906,44.6,1021.713,0.3696,0.0021,0.6283
2025-11-07,7.4215,724,0.5,10.0,Safe,16.7696,Excellent,28.0995,48.2667,10.0,0.3696,0.0021,0.6283
2025-11-08,7.6315,831,53.2233,397.6,Hazardous,684.4923,Unsuitable,42.1003,55.4,1064.4668,0.3696,0.0021,0.6283
2025-11-09,5.5,620,0.5,57.5,Moderate,43.3291,Good,100.0,41.3333,10.0,0.3696,0.0021,0.6283
2025-11-10,8.0636,715,0.5,55.1,Moderate,32.5899,Good,70.9073,47.6667,10.0,0.3696,0.0021,0.6283
2025-11-11,7.6067,666,56.3534,491.7,Hazardous,723.1896,Unsuitable,40.4437,44.4,1127.0674,0.3696,0.0021,0.6283
2025-11-12,6.0949,726,57.5239,457.0,Hazardous,745.2599,Unsuitable,60.3369,48.4,1150.4787,0.3696,0.0021,0.6283
2025-11-13,6.7122,702,0.5,46.6,Safe,13.4735,Excellent,19.1897,46.8,10.0,0.3696,0.0021,0.6283
2025-11-14,7.4224,734,3.4672,100.3,Poor,54.0811,Poor,28.1619,48.9333,69.3449,0.3696,0.0021,0.6283
2025-11-15,7.2184,753,98.1023,829.7,Hazardous,1238.2598,Unsuitable,14.5568,50.2,1962.0453,0.3696,0.0021,0.6283
2025-11-16,6.8854,709,13.8308,140.0,Poor,176.7232,Unsuitable,7.6388,47.2667,276.6161,0.3696,0.0021,0.6283
2025-11-17,7.0677,751,120.0,962.2,Hazardous,1509.7191,Unsuitable,4.5129,50.0667,2400.0,0.3696,0.0021,0.6283
2025-11-18,6.9242,595,35.7378,302.8,Hazardous,451.039,Unsuitable,5.0502,39.6667,714.7566,0.3696,0.0021,0.6283
2025-11-19,7.315,772,54.3662,400.9,Hazardous,691.0477,Unsuitable,21.0032,51.4667,1087.3235,0.3696,0.0021,0.6283
2025-11-20,8.5892,717,109.2956,927.0,Hazardous,1412.6898,Unsuitable,105.9458,47.8,2185.9124,0.3696,0.0021,0.6283
2025-11-21,5.5,749,41.7789,421.7,Hazardous,562.0671,Unsuitable,100.0,49.9333,835.5784,0.3696,0.0021,0.6283
2025-11-22,6.9389,645,0.5,10.0,Safe,7.8796,Excellent,4.076,43.0,10.0,0.3696,0.0021,0.6283
2025-11-23,7.3382,663,30.8391,238.7,Hazardous,395.9558,Unsuitable,22.5457,44.2,616.7813,0.3696,0.0021,0.6283
2025-11-24,7.4536,707,34.2069,293.2,Hazardous,441.1271,Unsuitable,30.2406,47.1333,684.1384,0.3696,0.0021,0.6283
2025-11-25,6.8084,699,0.5,34.6,Safe,11.1021,Excellent,12.7745,46.6,10.0,0.3696,0.0021,0.6283
2025-11-26,5.5,713,24.2001,239.4,Hazardous,341.1627,Unsuitable,100.0,47.5333,484.0018,0.3696,0.0021,0.6283
2025-11-27,7.4845,749,2.1,10.0,Safe,38.4316,Good,32.3016,49.9333,41.9992,0.3696,0.0021,0.6283
2025-11-28,8.8,621,77.8278,689.6,Hazardous,1022.4387,Unsuitable,120.0,41.4,1556.5551,0.3696,0.0021,0.6283
2025-11-29,5.6859,744,37.3978,360.2,Hazardous,502.4322,Unsuitable,87.607,49.6,747.9565,0.3696,0.0021,0.6283
2025-11-30,8.0022,700,22.9749,214.7,Hazardous,313.4978,Unsuitable,66.8106,46.6667,459.4973,0.3696,0.0021,0.6283
2025-12-01,6.8503,751,28.0478,171.5,Poor,356.248,Unsuitable,9.9801,50.0667,560.9555,0.3696,0.0021,0.6283
2025-12-02,7.1084,694,41.5862,338.5,Hazardous,525.3498,Unsuitable,7.2283,46.2667,831.7241,0.3696,0.0021,0.6283
2025-12-03,6.1505,783,57.7718,537.8,Hazardous,747.0129,Unsuitable,56.6317,52.2,1155.4356,0.3696,0.0021,0.6283
2025-12-04,6.8446,651,0.5,10.0,Safe,10.2038,Excellent,10.3621,43.4,10.0,0.3696,0.0021,0.6283
2025-12-05,8.4236,789,0.5,53.9,Moderate,41.4693,Good,94.9041,52.6,10.0,0.3696,0.0021,0.6283
2025-12-06,7.7305,693,77.829,655.8,Hazardous,996.1133,Unsuitable,48.7023,46.2,1556.5802,0.3696,0.0021,0.6283
2025-12-07,8.8,762,15.4611,202.9,Hazardous,238.7448,Unsuitable,120.0,50.8,309.2211,0.3696,0.0021,0.6283
2025-12-08,8.3051,755,0.5,29.6,Safe,38.5456,Good,87.0063,50.3333,10.0,0.3696,0.0021,0.6283
2025-12-09,7.5918,813,50.6593,446.2,Hazardous,651.2921,Unsuitable,39.4561,54.2,1013.186,0.3696,0.0021,0.6283
2025-12-10,8.8,752,51.4633,490.8,Hazardous,691.1559,Unsuitable,120.0,50.1333,1029.2667,0.3696,0.0021,0.6283
2025-12-11,7.5918,729,0.5,63.5,Moderate,20.9654,Excellent,39.4501,48.6,10.0,0.3696,0.0021,0.6283
2025-12-12,7.9675,737,41.8477,372.1,Hazardous,549.8096,Unsuitable,64.5024,49.1333,836.9533,0.3696,0.0021,0.6283
2025-12-13,6.8812,817,62.6546,528.7,Hazardous,790.374,Unsuitable,7.9222,54.4667,1253.0927,0.3696,0.0021,0.6283
2025-12-14,7.232,784,47.805,395.3,Hazardous,606.5531,Unsuitable,15.4635,52.2667,956.1006,0.3696,0.0021,0.6283
2025-12-15,6.4939,743,58.3953,525.6,Hazardous,746.3818,Unsuitable,33.7382,49.5333,1167.9068,0.3696,0.0021,0.6283
2025-12-16,8.1236,749,0.5,50.4,Moderate,34.0739,Good,74.9096,49.9333,10.0,0.3696,0.0021,0.6283
2025-12-17,6.0294,689,46.023,379.8,Hazardous,602.3466,Unsuitable,64.7081,45.9333,920.4593,0.3696,0.0021,0.6283
2025-12-18,7.9234,777,19.9718,206.3,Hazardous,273.8316,Unsuitable,61.5632,51.8,399.4355,0.3696,0.0021,0.6283
2025-12-19,6.9835,681,12.5646,86.9,Moderate,158.3909,Unsuitable,1.1007,45.4,251.2912,0.3696,0.0021,0.6283
2025-12-20,8.2991,794,68.2037,586.7,Hazardous,889.1833,Unsuitable,86.6092,52.9333,1364.0732,0.3696,0.0021,0.6283
2025-12-21,7.893,766,93.2295,811.1,Hazardous,1193.653,Unsuitable,59.5358,51.0667,1864.5894,0.3696,0.0021,0.6283
2025-12-22,8.8,867,106.1838,929.7,Hazardous,1378.8008,Unsuitable,120.0,57.8,2123.6752,0.3696,0.0021,0.6283
2025-12-23,7.8736,710,86.4679,686.1,Hazardous,1108.1992,Unsuitable,58.2416,47.3333,1729.3575,0.3696,0.0021,0.6283
2025-12-24,5.649,755,27.9017,248.9,Hazardous,384.0126,Unsuitable,90.0658,50.3333,558.0347,0.3696,0.0021,0.6283
2025-12-25,7.103,841,46.9143,416.6,Hazardous,592.1901,Unsuitable,6.8658,56.0667,938.2856,0.3696,0.0021,0.6283
2025-12-26,6.0355,814,63.939,492.8,Hazardous,827.3507,Unsuitable,64.3026,54.2667,1278.7795,0.3696,0.0021,0.6283
2025-12-27,6.667,729,37.3951,295.3,Hazardous,478.2215,Unsuitable,22.2008,48.6,747.9011,0.3696,0.0021,0.6283
2025-12-28,8.6276,770,37.7892,376.6,Hazardous,515.0773,Unsuitable,108.5049,51.3333,755.7833,0.3696,0.0021,0.6283
2025-12-29,7.7836,760,66.2795,554.5,Hazardous,852.2953,Unsuitable,52.2367,50.6667,1325.5901,0.3696,0.0021,0.6283
2025-12-30,6.4925,773,29.9759,262.1,Hazardous,389.2971,Unsuitable,33.8352,51.5333,599.5182,0.3696,0.0021,0.6283
2025-12-31,6.1884,729,2.4305,109.4,Poor,50.6424,Poor,54.1083,48.6,48.6105,0.3696,0.0021,0.6283
2026-01-01,6.96,816,9.26,87.2,Moderate,117.4627,Unsuitable,2.6667,54.4,185.2,0.3696,0.0021,0.6283
2026-01-02,7.63,748,17.96,169.4,Poor,241.3167,Unsuitable,42.0,49.8667,359.2,0.3696,0.0021,0.6283
2026-01-03,7.83,826,36.44,339.6,Hazardous,478.4793,Unsuitable,55.3333,55.0667,728.8,0.3696,0.0021,0.6283
2026-01-04,7.67,840,20.18,193.8,Poor,270.2121,Unsuitable,44.6667,56.0,403.6,0.3696,0.0021,0.6283
2026-01-05,6.83,810,3.66,38.7,Safe,50.2942,Poor,11.3333,54.0,73.2,0.3696,0.0021,0.6283
2026-01-06,7.97,747,17.86,173.0,Poor,248.4374,Unsuitable,64.6667,49.8,357.2,0.3696,0.0021,0.6283
2026-01-07,7.48,864,12.19,121.3,Poor,165.1299,Unsuitable,32.0,57.6,243.8,0.3696,0.0021,0.6283
2026-01-08,8.1,836,55.33,497.1,Hazardous,722.5092,Unsuitable,73.3333,55.7333,1106.6,0.3696,0.0021,0.6283
2026-01-09,7.03,787,3.13,32.4,Safe,40.1813,Good,2.0,52.4667,62.6,0.3696,0.0021,0.6283
2026-01-10,7.97,807,14.28,151.0,Poor,203.4587,Unsuitable,64.6667,53.8,285.6,0.3696,0.0021,0.6283
2026-01-11,5.69,752,169.65,1417.7,Hazardous,2164.242,Unsuitable,87.3333,50.1333,3393.0,0.3696,0.0021,0.6283
2026-01-12,7.57,774,14.22,135.5,Poor,192.8443,Unsuitable,38.0,51.6,284.4,0.3696,0.0021,0.6283
2026-01-13,7.03,796,77.71,642.3,Hazardous,977.3712,Unsuitable,2.0,53.0667,1554.2,0.3696,0.0021,0.6283
2026-01-14,8.98,875,148.01,1257.3,Hazardous,1908.8348,Unsuitable,132.0,58.3333,2960.2,0.3696,0.0021,0.6283
2026-01-15,7.39,791,3.34,40.4,Safe,51.6911,Poor,26.0,52.7333,66.8,0.3696,0.0021,0.6283
2026-01-16,6.89,849,2.99,31.7,Safe,40.4019,Good,7.3333,56.6,59.8,0.3696,0.0021,0.6283
2026-01-17,6.9,796,2.19,26.0,Safe,30.0951,Good,6.6667,53.0667,43.8,0.3696,0.0021,0.6283
2026-01-18,7.26,831,12.94,122.3,Poor,169.1292,Unsuitable,17.3333,55.4,258.8,0.3696,0.0021,0.6283
2026-01-19,6.73,814,6.32,65.8,Moderate,86.1849,Very Poor,18.0,54.2667,126.4,0.3696,0.0021,0.6283
2026-01-20,5.49,859,65.43,585.7,Hazardous,859.5335,Unsuitable,100.6667,57.2667,1308.6,0.3696,0.0021,0.6283
2026-01-21,6.93,796,37.62,328.5,Hazardous,474.5771,Unsuitable,4.6667,53.0667,752.4,0.3696,0.0021,0.6283
2026-01-22,5.14,749,27.69,283.6,Hazardous,393.8929,Unsuitable,124.0,49.9333,553.8,0.3696,0.0021,0.6283
2026-01-23,5.91,758,67.5,583.8,Hazardous,875.1828,Unsuitable,72.6667,50.5333,1350.0,0.3696,0.0021,0.6283
2026-01-24,6.46,796,9.56,103.6,Poor,133.5496,Unsuitable,36.0,53.0667,191.2,0.3696,0.0021,0.6283
2026-01-25,6.97,764,16.69,149.3,Poor,210.5761,Unsuitable,2.0,50.9333,333.8,0.3696,0.0021,0.6283
2026-01-26,6.95,838,3.68,38.6,Safe,47.5927,Good,3.3333,55.8667,73.6,0.3696,0.0021,0.6283
2026-01-27,6.54,799,43.74,387.0,Hazardous,561.0922,Unsuitable,30.6667,53.2667,874.8,0.3696,0.0021,0.6283
2026-01-28,7.26,927,29.17,263.1,Hazardous,373.0923,Unsuitable,17.3333,61.8,583.4,0.3696,0.0021,0.6283
2026-01-29,7.49,742,6.05,75.5,Moderate,88.2027,Very Poor,32.6667,49.4667,121.0,0.3696,0.0021,0.6283
2026-01-30,7.86,829,20.22,207.9,Hazardous,275.3948,Unsuitable,57.3333,55.2667,404.4,0.3696,0.0021,0.6283
2026-01-31,6.92,769,2.35,26.5,Safe,31.6092,Good,5.3333,51.2667,47.0,0.3696,0.0021,0.6283
